Accident_Index,Vehicle_Reference,Casualty_Reference,Casualty_Class,Sex_of_Casualty,Age_of_Casualty,Age_Band_of_Casualty,Casualty_Severity,Pedestrian_Location,Pedestrian_Movement,Car_Passenger,Bus_or_Coach_Passenger,Pedestrian_Road_Maintenance_Worker,Casualty_Type,Casualty_Home_Area_Type,Casualty_IMD_Decile
2019521900045,1,1,1,2,29,6,3,0,0,0,0,0,9,1,1
2019521900093,1,1,1,1,27,6,3,0,0,0,0,0,1,1,3
2019521900111,1,1,3,2,79,11,1,1,1,0,0,0,0,1,3
2019521900138,2,1,1,1,29,6,3,0,0,0,0,0,1,1,7
2019521900145,1,1,1,2,43,7,3,0,0,0,0,0,9,1,7
2019521900169,2,1,1,1,35,6,3,0,0,0,0,0,1,1,2
2019521900209,1,1,1,2,51,8,3,0,0,0,0,0,9,1,2
2019521900211,2,1,1,1,25,5,3,0,0,0,0,0,1,-1,-1
2019521900319,1,1,1,1,32,6,3,0,0,0,0,0,1,1,2
2019521900332,1,1,1,1,63,9,3,0,0,0,0,0,9,1,8
2019521900358,1,1,1,2,37,7,3,0,0,0,0,0,9,1,1
2019521900379,1,1,3,1,35,6,3,9,5,0,0,0,0,-1,-1
2019521900380,1,1,3,1,21,5,3,10,9,0,0,0,0,1,5
2019521900382,1,1,1,1,26,6,3,0,0,0,0,0,11,1,3
2019521900409,1,1,1,1,50,8,3,0,0,0,0,0,9,1,8
2019521900453,1,1,1,1,27,6,3,0,0,0,0,0,1,1,7
2019521900457,1,1,3,2,50,8,3,6,9,0,0,0,0,-1,-1
2019521900485,1,1,1,1,39,7,3,0,0,0,0,0,1,1,6
2019521900488,1,1,1,1,47,8,3,0,0,0,0,0,1,1,3
2019521900490,1,1,3,2,32,6,3,5,9,0,0,0,0,1,10
2019521900503,1,1,1,1,32,6,3,0,0,0,0,0,1,1,5
2019521900531,1,1,1,1,25,5,3,0,0,0,0,0,9,1,3
2019521900538,1,1,1,1,19,4,3,0,0,0,0,0,1,1,1
2019521900540,2,1,1,1,42,7,3,0,0,0,0,0,1,-1,-1
2019521900549,1,1,1,1,41,7,3,0,0,0,0,0,1,1,4
2019521900562,1,1,1,2,33,6,3,0,0,0,0,0,9,1,4
2019521900568,1,1,3,2,14,3,3,5,1,0,0,0,0,1,1
2019521900569,1,1,1,2,36,7,3,0,0,0,0,0,1,1,3
2019521900588,2,1,1,2,25,5,3,0,0,0,0,0,1,-1,-1
2019521900636,1,1,1,2,27,6,3,0,0,0,0,0,1,1,4
2019521900643,1,1,1,2,28,6,3,0,0,0,0,0,1,1,6
2019521900727,1,1,1,2,34,6,3,0,0,0,0,0,9,1,2
2019521900739,2,1,1,2,28,6,3,0,0,0,0,0,1,1,5
2019521900805,1,1,1,1,51,8,3,0,0,0,0,0,9,1,3
2019521900862,1,1,1,1,65,9,3,0,0,0,0,0,9,1,1
2019521900869,1,1,1,1,13,3,3,0,0,0,0,0,1,1,3
2019521900889,1,1,1,1,36,7,3,0,0,0,0,0,9,1,5
2019521900895,1,1,1,1,28,6,3,0,0,0,0,0,3,1,3
2019521900897,1,1,1,1,33,6,3,0,0,0,0,0,1,1,6
2019521900953,1,1,1,2,64,9,3,0,0,0,0,0,9,1,4
2019521900976,1,1,1,2,30,6,3,0,0,0,0,0,1,1,5
2019521900987,1,1,2,2,23,5,3,0,0,2,0,0,8,1,6
2019521901004,1,1,1,1,47,8,3,0,0,0,0,0,9,1,4
2019521901041,1,1,1,1,22,5,3,0,0,0,0,0,1,1,4
2019521901044,1,1,1,1,28,6,3,0,0,0,0,0,9,1,1
2019521901071,1,1,1,1,34,6,3,0,0,0,0,0,1,1,1
2019521901073,2,1,1,1,28,6,2,0,0,0,0,0,3,1,8
2019521901134,2,1,1,1,25,5,2,0,0,0,0,0,3,1,10
2019521901166,1,1,1,1,18,4,3,0,0,0,0,0,9,1,2
2019521901167,1,1,1,1,40,7,3,0,0,0,0,0,1,1,2
2019521901177,1,1,1,2,35,6,3,0,0,0,0,0,9,1,2
2019521901206,2,1,1,1,17,4,3,0,0,0,0,0,1,1,7
2019521901238,1,1,1,2,40,7,3,0,0,0,0,0,1,1,1
2019521901240,1,1,3,2,29,6,3,5,1,0,0,0,0,1,5
2019521901247,1,1,1,1,35,6,3,0,0,0,0,0,9,1,10
2019521901250,1,1,1,1,32,6,3,0,0,0,0,0,9,3,8
2019521901327,1,1,1,1,26,6,3,0,0,0,0,0,1,1,4
2019521901350,1,1,2,1,20,4,3,0,0,0,0,0,19,1,4
2019521901384,1,1,1,1,56,9,3,0,0,0,0,0,9,1,2
2019521901392,1,1,3,1,24,5,3,5,3,0,0,0,0,1,4
2019521901399,1,1,1,2,44,7,3,0,0,0,0,0,9,1,5
2019521901402,1,1,1,1,45,7,3,0,0,0,0,0,9,1,1
2019521901420,1,1,1,2,27,6,3,0,0,0,0,0,1,1,3
2019521901427,1,1,2,1,26,6,3,0,0,1,0,0,9,1,6
2019521901474,1,1,1,1,53,8,3,0,0,0,0,0,1,1,5
2019521901481,2,1,1,1,30,6,3,0,0,0,0,0,9,-1,-1
2019521901484,1,1,1,2,25,5,3,0,0,0,0,0,9,1,8
2019521901485,1,1,1,1,50,8,3,0,0,0,0,0,1,1,3
2019521901540,1,1,1,1,42,7,3,0,0,0,0,0,9,1,3
2019521901541,1,1,1,1,39,7,3,0,0,0,0,0,1,2,5
2019521901573,1,1,1,1,45,7,3,0,0,0,0,0,9,1,2
2019521901573,2,2,1,1,23,5,3,0,0,0,0,0,9,1,4
2019521901590,1,1,3,1,30,6,3,5,9,0,0,0,0,-1,-1
2019521901596,1,1,1,1,56,9,3,0,0,0,0,0,9,1,3
2019521901616,1,1,1,2,43,7,3,0,0,0,0,0,9,1,7
2019521901618,1,1,1,1,82,11,1,0,0,0,0,0,9,1,8
2019521901637,1,1,1,2,30,6,3,0,0,0,0,0,9,-1,-1
2019521901646,1,1,3,2,18,4,3,9,9,0,0,0,0,1,1
2019521901649,1,1,1,2,49,8,3,0,0,0,0,0,9,1,1
2019521901655,1,1,3,1,36,7,3,1,9,0,0,0,0,1,9
2019521901693,1,1,1,2,22,5,3,0,0,0,0,0,1,1,7
2019521901714,1,1,1,1,22,5,3,0,0,0,0,0,9,1,5
2019521901718,1,1,3,1,25,5,3,5,3,0,0,0,0,1,2
2019521901743,2,1,1,1,16,4,3,0,0,0,0,0,1,1,4
2019521901759,1,1,3,2,70,10,2,5,9,0,0,0,0,1,2
2019521901789,1,1,1,1,44,7,3,0,0,0,0,0,1,1,8
2019521901798,1,1,1,1,51,8,3,0,0,0,0,0,3,1,7
2019521901809,1,1,1,2,40,7,3,0,0,0,0,0,9,1,8
2019521901827,1,1,1,1,19,4,3,0,0,0,0,0,1,1,6
2019521901841,2,1,1,1,58,9,2,0,0,0,0,0,1,1,5
2019521901846,2,1,1,1,51,8,3,0,0,0,0,0,1,1,8
2019521901877,1,1,1,1,24,5,3,0,0,0,0,0,9,-1,-1
2019521901877,1,2,2,1,15,3,3,0,0,2,0,0,9,1,4
2019521901880,1,1,1,1,34,6,3,0,0,0,0,0,1,1,4
2019521901882,1,1,1,2,27,6,3,0,0,0,0,0,9,1,7
2019521901884,1,1,1,1,40,7,3,0,0,0,0,0,9,1,9
2019521901890,1,1,1,1,39,7,3,0,0,0,0,0,1,1,7
2019521901891,1,1,3,1,48,8,3,5,9,0,0,0,0,1,9
2019521901900,1,1,1,1,24,5,3,0,0,0,0,0,9,-1,-1
2019521901904,1,1,1,1,31,6,3,0,0,0,0,0,9,1,6
2019521901919,1,1,1,1,28,6,3,0,0,0,0,0,1,1,7
2019521901929,1,1,1,2,55,8,3,0,0,0,0,0,9,-1,-1
2019521901929,2,2,1,2,26,6,3,0,0,0,0,0,9,1,1
2019521901937,2,1,1,1,30,6,3,0,0,0,0,0,4,1,5
2019521901938,1,1,1,1,49,8,3,0,0,0,0,0,9,1,2
2019521901938,3,2,1,2,47,8,3,0,0,0,0,0,9,1,8
2019521901945,2,1,2,2,19,4,3,0,0,1,0,0,9,1,7
2019521901946,1,1,1,1,12,3,3,0,0,0,0,0,1,-1,-1
2019521901947,2,1,1,2,39,7,3,0,0,0,0,0,9,1,1
2019521901947,3,2,3,1,7,2,3,5,9,0,0,0,0,1,1
2019521901991,2,1,1,1,27,6,3,0,0,0,0,0,1,1,6
2019521901998,1,1,3,2,39,7,2,8,9,0,0,0,0,1,3
2019521902009,2,1,1,1,38,7,3,0,0,0,0,0,1,1,6
2019521902010,1,1,1,1,27,6,3,0,0,0,0,0,8,1,1
2019521902010,1,2,2,2,30,6,3,0,0,2,0,0,8,1,1
2019521902019,1,1,1,1,50,8,3,0,0,0,0,0,9,1,3
2019521902021,1,1,3,1,20,4,3,10,9,0,0,0,0,-1,-1
2019521902039,1,1,3,1,14,3,3,5,9,0,0,0,0,-1,-1
2019521902041,1,1,1,2,24,5,3,0,0,0,0,0,9,1,7
2019521902046,1,1,1,1,31,6,3,0,0,0,0,0,9,1,1
2019521902047,1,1,3,1,40,7,3,5,1,0,0,0,0,1,4
2019521902048,1,1,3,1,18,4,3,4,1,0,0,0,0,1,3
2019521902050,1,1,1,1,34,6,3,0,0,0,0,0,1,1,7
2019521902062,1,1,1,1,44,7,3,0,0,0,0,0,1,3,9
2019521902063,1,1,3,2,28,6,3,5,9,0,0,0,0,1,8
2019521902079,1,1,3,2,67,10,2,6,9,0,0,0,0,3,8
2019521902079,1,2,3,1,48,8,2,6,9,0,0,0,0,1,9
2019521902079,1,3,3,1,66,10,3,6,9,0,0,0,0,1,9
2019521902122,1,1,2,1,1,1,3,0,0,2,0,0,9,1,5
2019521902144,1,1,1,1,35,6,3,0,0,0,0,0,1,1,8
2019521902156,1,1,1,1,38,7,3,0,0,0,0,0,1,1,8
2019521902164,2,1,1,1,35,6,3,0,0,0,0,0,1,-1,-1
2019521902166,1,1,1,2,35,6,3,0,0,0,0,0,1,1,8
2019521902169,1,1,1,1,53,8,3,0,0,0,0,0,1,1,4
2019521902197,1,1,1,1,22,5,3,0,0,0,0,0,9,1,6
2019521902223,1,1,1,1,31,6,3,0,0,0,0,0,9,1,4
2019521902235,1,1,3,1,23,5,3,5,9,0,0,0,0,1,2
2019521902241,1,1,1,1,26,6,3,0,0,0,0,0,3,1,4
2019521902250,1,1,1,1,44,7,3,0,0,0,0,0,1,3,9
2019521902269,1,1,1,1,35,6,3,0,0,0,0,0,1,1,4
2019521902273,1,1,3,1,27,6,3,8,8,0,0,0,0,1,7
2019521902299,1,1,1,1,33,6,3,0,0,0,0,0,9,1,5
2019521902320,2,1,1,2,57,9,3,0,0,0,0,0,9,1,6
2019521902320,2,2,2,2,30,6,3,0,0,1,0,0,9,1,6
2019521902376,1,1,1,1,60,9,3,0,0,0,0,0,9,1,6
2019521902377,1,1,1,2,30,6,3,0,0,0,0,0,1,1,8
2019521902383,1,1,1,1,29,6,3,0,0,0,0,0,3,1,7
2019521902389,1,1,1,1,45,7,3,0,0,0,0,0,1,2,9
2019521902469,1,1,1,1,35,6,3,0,0,0,0,0,1,1,4
2019521902481,1,1,3,1,74,10,1,6,9,0,0,0,0,1,10
2019521902481,1,2,3,1,50,8,2,6,9,0,0,0,0,-1,-1
2019521902482,1,1,1,1,55,8,2,0,0,0,0,0,4,1,9
2019521902493,2,1,1,1,35,6,3,0,0,0,0,0,1,-1,-1
2019521902505,1,1,1,2,20,4,3,0,0,0,0,0,1,1,10
2019521902507,1,1,1,2,49,8,3,0,0,0,0,0,1,1,2
2019521902548,1,1,2,2,43,7,2,0,0,2,0,0,9,1,2
2019521902612,1,1,3,2,8,2,3,1,9,0,0,0,0,1,3
2019521902636,1,1,2,1,63,9,3,0,0,1,0,0,9,-1,8
2019521902674,1,1,1,2,27,6,3,0,0,0,0,0,9,1,1
2019521902698,2,1,1,2,38,7,3,0,0,0,0,0,9,1,8
2019521902698,2,2,2,1,7,2,3,0,0,2,0,0,9,1,8
2019521902726,2,1,1,2,32,6,2,0,0,0,0,0,1,1,4
2019521902739,2,1,2,2,20,4,3,0,0,1,0,0,9,1,10
2019521902740,1,1,3,2,37,7,3,5,3,0,0,0,0,1,1
2019521902747,2,1,1,1,22,5,2,0,0,0,0,0,1,1,2
2019521902749,1,1,3,1,30,6,3,5,3,0,0,0,0,1,6
2019521902754,2,1,1,2,48,8,3,0,0,0,0,0,1,1,4
2019521902760,1,1,3,2,36,7,3,5,9,0,0,0,0,1,1
2019521902775,1,1,1,2,44,7,3,0,0,0,0,0,1,1,10
2019521902781,1,1,2,2,6,2,3,0,0,0,4,0,11,1,1
2019521902787,2,1,1,1,53,8,3,0,0,0,0,0,1,-1,-1
2019521902788,1,1,1,2,46,8,3,0,0,0,0,0,9,1,8
2019521902807,1,1,1,2,29,6,3,0,0,0,0,0,1,1,3
2019521902816,2,1,1,1,33,6,3,0,0,0,0,0,3,1,10
2019521902818,1,1,1,1,27,6,3,0,0,0,0,0,1,1,3
2019521902833,1,1,1,1,31,6,3,0,0,0,0,0,1,1,4
2019521902844,1,1,1,2,65,9,3,0,0,0,0,0,1,1,1
2019521902845,1,1,1,1,30,6,3,0,0,0,0,0,9,1,10
2019521902845,2,2,1,1,31,6,3,0,0,0,0,0,9,1,2
2019521902855,1,1,3,2,61,9,3,6,9,0,0,0,0,1,10
2019521902857,1,1,3,2,20,4,3,4,1,0,0,0,0,1,3
2019521902875,2,1,1,1,50,8,3,0,0,0,0,0,9,1,6
2019521902884,2,1,1,1,27,6,3,0,0,0,0,0,1,1,1
2019521902892,1,1,3,2,81,11,2,5,3,0,0,0,0,1,6
2019521902894,1,1,1,1,53,8,3,0,0,0,0,0,9,1,4
2019521902894,2,2,1,2,41,7,3,0,0,0,0,0,9,1,3
2019521902900,1,1,1,2,26,6,3,0,0,0,0,0,9,1,4
2019521902904,1,1,3,2,34,6,3,5,1,0,0,0,0,1,3
2019521902933,1,1,1,2,43,7,3,0,0,0,0,0,9,1,1
2019521902941,2,1,1,1,60,9,2,0,0,0,0,0,1,1,1
2019521902945,2,1,1,1,32,6,3,0,0,0,0,0,1,1,3
2019521902951,2,1,1,2,23,5,3,0,0,0,0,0,3,1,6
2019521902955,1,1,1,1,36,7,3,0,0,0,0,0,9,1,2
2019521902956,1,1,1,2,38,7,3,0,0,0,0,0,9,1,3
2019521902956,2,2,1,1,34,6,3,0,0,0,0,0,9,1,1
2019521902957,2,1,1,1,23,5,3,0,0,0,0,0,1,1,3
2019521902973,4,1,1,1,62,9,3,0,0,0,0,0,4,3,6
2019521903005,1,1,1,2,17,4,3,0,0,0,0,0,9,1,8
2019521903025,1,1,1,1,14,3,3,0,0,0,0,0,1,1,1
2019521903038,1,1,1,2,39,7,3,0,0,0,0,0,9,1,3
2019521903043,2,1,1,1,14,3,3,0,0,0,0,0,1,1,7
2019521903045,2,1,1,1,27,6,3,0,0,0,0,0,3,1,8
2019521903051,2,1,1,2,28,6,3,0,0,0,0,0,1,1,4
2019521903067,2,1,2,1,12,3,3,0,0,1,0,0,9,1,4
2019521903070,2,1,1,2,24,5,3,0,0,0,0,0,9,1,7
2019521903087,2,1,1,1,52,8,3,0,0,0,0,0,1,1,7
2019521903088,1,1,3,1,41,7,3,1,1,0,0,0,0,1,6
2019521903090,1,1,3,1,22,5,3,6,9,0,0,0,0,1,5
2019521903105,1,1,1,1,22,5,2,0,0,0,0,0,3,1,2
2019521903105,2,2,1,1,30,6,3,0,0,0,0,0,9,1,2
2019521903112,1,1,3,2,33,6,3,6,9,0,0,0,0,1,2
2019521903115,2,1,1,1,22,5,3,0,0,0,0,0,1,1,3
2019521903116,1,1,1,2,36,7,3,0,0,0,0,0,1,1,5
2019521903125,1,1,1,1,21,5,3,0,0,0,0,0,3,3,7
2019521903128,1,1,1,1,18,4,3,0,0,0,0,0,4,1,7
2019521903133,1,1,3,2,25,5,3,5,9,0,0,0,0,1,4
2019521903133,1,2,3,1,4,1,3,5,9,0,0,0,0,1,4
2019521903143,1,1,1,1,53,8,3,0,0,0,0,0,9,1,2
2019521903143,1,2,2,2,14,3,3,0,0,2,0,0,9,1,2
2019521903143,1,3,2,1,16,4,3,0,0,2,0,0,9,1,2
2019521903146,1,1,1,1,55,8,2,0,0,0,0,0,4,1,10
2019521903151,1,1,1,2,39,7,3,0,0,0,0,0,9,1,3
2019521903151,2,2,2,2,28,6,3,0,0,2,0,0,8,1,2
2019521903163,1,1,1,1,62,9,3,0,0,0,0,0,3,1,8
2019521903166,1,1,1,1,19,4,3,0,0,0,0,0,3,1,4
2019521903170,1,1,1,1,57,9,3,0,0,0,0,0,1,1,6
2019521903179,1,1,1,1,53,8,3,0,0,0,0,0,1,1,1
2019521903212,1,1,3,1,50,8,3,5,9,0,0,0,0,1,2
2019521903217,1,1,1,1,18,4,3,0,0,0,0,0,1,1,2
2019521903225,2,1,1,1,38,7,3,0,0,0,0,0,1,2,10
2019521903226,1,1,1,1,32,6,3,0,0,0,0,0,9,1,1
2019521903226,1,2,2,1,32,6,3,0,0,1,0,0,9,-1,-1
2019521903231,2,1,1,1,22,5,3,0,0,0,0,0,1,1,4
2019521903238,1,1,3,1,5,1,3,5,9,0,0,0,0,1,4
2019521903239,1,1,3,1,43,7,2,5,1,0,0,0,0,1,3
2019521903243,1,1,1,1,33,6,3,0,0,0,0,0,9,2,8
2019521903243,2,2,1,1,36,7,3,0,0,0,0,0,9,1,4
2019521903268,1,1,1,2,40,7,3,0,0,0,0,0,9,1,4
2019521903268,1,2,2,2,35,6,3,0,0,1,0,0,9,-1,-1
2019521903276,1,1,1,2,53,8,3,0,0,0,0,0,9,1,5
2019521903294,1,1,3,1,44,7,3,5,1,0,0,0,0,1,3
2019521903297,1,1,1,1,57,9,3,0,0,0,0,0,9,1,6
2019521903299,2,1,1,1,34,6,3,0,0,0,0,0,2,1,1
2019521903309,1,1,3,1,11,3,3,5,3,0,0,0,0,1,4
2019521903314,1,1,3,1,69,10,3,5,3,0,0,0,0,1,10
2019521903320,2,1,1,1,31,6,3,0,0,0,0,0,1,1,4
2019521903322,1,1,1,1,33,6,3,0,0,0,0,0,1,1,6
2019521903325,1,1,1,1,52,8,3,0,0,0,0,0,1,-1,-1
2019521903331,1,1,1,1,33,6,3,0,0,0,0,0,1,1,3
2019521903334,1,1,1,1,65,9,3,0,0,0,0,0,9,1,6
2019521903334,2,2,1,1,46,8,3,0,0,0,0,0,9,1,2
2019521903334,2,4,2,2,41,7,3,0,0,1,0,0,9,1,2
2019521903334,2,5,2,2,6,2,3,0,0,2,0,0,9,1,2
2019521903334,2,6,2,1,9,2,3,0,0,2,0,0,9,1,2
2019521903334,2,7,2,2,42,7,3,0,0,1,0,0,9,1,6
2019521903334,3,3,1,1,50,8,3,0,0,0,0,0,9,1,6
2019521903334,3,8,2,1,1,1,3,0,0,2,0,0,9,1,6
2019521903334,3,9,2,2,67,10,3,0,0,2,0,0,9,-1,-1
2019521903337,1,1,1,1,23,5,3,0,0,0,0,0,9,1,4
2019521903337,2,2,1,1,23,5,3,0,0,0,0,0,9,1,4
2019521903338,2,1,1,1,46,8,3,0,0,0,0,0,3,1,10
2019521903346,1,1,3,2,11,3,3,5,1,0,0,0,0,1,1
2019521903353,2,1,2,1,19,4,3,0,0,1,0,0,9,1,8
2019521903353,2,2,2,1,25,5,3,0,0,2,0,0,9,1,10
2019521903360,2,1,1,1,28,6,3,0,0,0,0,0,1,1,7
2019521903364,2,1,1,1,20,4,2,0,0,0,0,0,3,1,5
2019521903373,2,1,1,1,34,6,3,0,0,0,0,0,4,1,9
2019521903377,2,1,1,1,48,8,3,0,0,0,0,0,3,1,1
2019521903379,1,1,1,2,68,10,3,0,0,0,0,0,1,1,8
2019521903382,1,1,1,1,87,11,3,0,0,0,0,0,9,1,7
2019521903383,1,1,1,1,33,6,3,0,0,0,0,0,1,1,7
2019521903387,1,1,3,2,31,6,3,5,3,0,0,0,0,1,2
2019521903404,2,1,1,1,18,4,3,0,0,0,0,0,1,1,7
2019521903406,1,1,3,1,29,6,3,5,3,0,0,0,0,1,6
2019521903408,2,1,1,1,35,6,3,0,0,0,0,0,1,1,7
2019521903422,1,1,1,2,39,7,3,0,0,0,0,0,9,1,4
2019521903427,1,1,1,2,33,6,3,0,0,0,0,0,9,1,3
2019521903427,2,2,1,1,31,6,3,0,0,0,0,0,9,1,3
2019521903434,2,1,1,1,40,7,2,0,0,0,0,0,1,1,5
2019521903438,1,1,1,1,26,6,3,0,0,0,0,0,1,1,4
2019521903445,1,1,2,2,10,2,3,0,0,1,0,0,9,1,3
2019521903452,2,1,1,1,33,6,3,0,0,0,0,0,22,1,4
2019521903455,1,1,1,1,51,8,3,0,0,0,0,0,9,1,3
2019521903463,2,1,1,1,63,9,3,0,0,0,0,0,1,1,4
2019521903466,3,1,1,1,17,4,3,0,0,0,0,0,2,1,2
2019521903470,1,1,1,1,51,8,3,0,0,0,0,0,1,1,10
2019521903481,1,1,1,1,20,4,3,0,0,0,0,0,4,1,8
2019521903492,3,1,1,1,20,4,3,0,0,0,0,0,5,1,3
2019521903493,1,1,1,2,26,6,2,0,0,0,0,0,1,1,3
2019521903497,1,1,1,1,18,4,3,0,0,0,0,0,9,1,5
2019521903507,1,1,1,1,40,7,3,0,0,0,0,0,1,1,6
2019521903519,1,1,1,1,26,6,3,0,0,0,0,0,8,1,1
2019521903531,1,1,1,2,43,7,3,0,0,0,0,0,9,1,1
2019521903535,1,1,3,1,16,4,3,5,3,0,0,0,0,1,1
2019521903565,1,1,3,1,19,4,3,5,1,0,0,0,0,1,2
2019521903572,1,1,3,2,23,5,3,5,1,0,0,0,0,1,1
2019521903572,1,2,3,2,53,8,3,5,1,0,0,0,0,1,1
2019521903621,1,1,1,2,24,5,2,0,0,0,0,0,9,1,10
2019521903624,1,1,2,2,18,4,3,0,0,2,0,0,9,1,10
2019521903634,1,1,1,2,16,4,3,0,0,0,0,0,1,1,2
2019521903643,1,1,1,1,36,7,3,0,0,0,0,0,1,1,8
2019521903646,2,1,1,2,19,4,2,0,0,0,0,0,3,1,3
2019521903647,1,1,1,1,52,8,3,0,0,0,0,0,3,1,2
2019521903650,2,1,1,1,30,6,3,0,0,0,0,0,9,1,3
2019521903650,2,4,2,2,26,6,3,0,0,1,0,0,9,1,1
2019521903650,3,2,1,1,36,7,3,0,0,0,0,0,9,1,7
2019521903650,4,3,1,1,24,5,3,0,0,0,0,0,9,1,1
2019521903650,4,5,2,1,19,4,3,0,0,1,0,0,9,3,8
2019521903663,2,1,1,1,34,6,3,0,0,0,0,0,1,1,8
2019521903677,1,1,1,1,37,7,3,0,0,0,0,0,1,1,9
2019521903679,2,1,1,2,25,5,3,0,0,0,0,0,1,1,4
2019521903688,1,1,3,2,54,8,2,7,3,0,0,0,0,3,8
2019521903696,1,1,1,1,36,7,3,0,0,0,0,0,1,1,3
2019521903725,2,1,1,1,36,7,2,0,0,0,0,0,1,1,8
2019521903726,2,1,1,1,33,6,3,0,0,0,0,0,1,1,8
2019521903740,1,1,1,2,23,5,3,0,0,0,0,0,9,1,3
2019521903742,1,1,1,1,31,6,3,0,0,0,0,0,1,1,3
2019521903746,1,1,1,1,16,4,3,0,0,0,0,0,2,1,5
2019521903746,2,2,1,1,20,4,3,0,0,0,0,0,9,-1,-1
2019521903755,1,1,1,1,50,8,3,0,0,0,0,0,8,1,4
2019521903755,1,4,2,1,21,5,3,0,0,2,0,0,8,3,5
2019521903755,3,2,1,1,23,5,3,0,0,0,0,0,9,1,7
2019521903755,3,3,2,1,24,5,3,0,0,1,0,0,9,1,2
2019521903764,2,1,1,2,17,4,3,0,0,0,0,0,9,-1,6
2019521903766,1,1,1,1,35,6,3,0,0,0,0,0,9,1,4
2019521903768,1,1,1,1,26,6,2,0,0,0,0,0,3,1,2
2019521903769,1,1,1,1,54,8,3,0,0,0,0,0,3,1,1
2019521903770,2,1,1,1,56,9,3,0,0,0,0,0,9,1,10
2019521903770,2,2,2,2,45,7,3,0,0,1,0,0,9,1,10
2019521903784,3,1,1,2,54,8,3,0,0,0,0,0,9,3,8
2019521903784,3,2,2,2,52,8,3,0,0,1,0,0,9,2,9
2019521903785,1,1,1,2,58,9,3,0,0,0,0,0,9,1,10
2019521903793,2,1,1,2,21,5,2,0,0,0,0,0,1,-1,-1
2019521903799,1,1,1,1,23,5,3,0,0,0,0,0,1,1,6
2019521903811,2,1,1,1,56,9,3,0,0,0,0,0,2,1,9
2019521903815,2,1,1,2,52,8,3,0,0,0,0,0,4,1,10
2019521903822,1,1,2,1,13,3,3,0,0,2,0,0,9,1,1
2019521903824,1,1,3,2,34,6,3,9,6,0,0,0,0,1,6
2019521903826,1,1,1,1,21,5,3,0,0,0,0,0,1,1,9
2019521903829,1,1,1,1,41,7,3,0,0,0,0,0,1,1,1
2019521903834,1,1,1,1,20,4,3,0,0,0,0,0,9,1,7
2019521903847,1,1,1,2,23,5,3,0,0,0,0,0,9,1,6
2019521903847,1,2,2,2,6,2,3,0,0,2,0,0,9,1,6
2019521903847,1,3,2,1,7,2,3,0,0,2,0,0,9,1,6
2019521903849,1,1,1,2,35,6,3,0,0,0,0,0,1,1,4
2019521903857,1,1,1,2,38,7,3,0,0,0,0,0,1,1,5
2019521903858,2,1,1,2,28,6,3,0,0,0,0,0,9,1,2
2019521903862,2,1,1,2,21,5,3,0,0,0,0,0,1,1,4
2019521903909,1,1,1,2,52,8,3,0,0,0,0,0,1,-1,-1
2019521903911,1,1,1,1,29,6,3,0,0,0,0,0,5,1,4
2019521903912,1,1,1,1,58,9,3,0,0,0,0,0,9,1,10
2019521903915,2,1,2,1,7,2,3,0,0,1,0,0,9,1,1
2019521903926,1,1,1,1,61,9,3,0,0,0,0,0,9,1,4
2019521903930,1,1,1,2,37,7,3,0,0,0,0,0,9,1,2
2019521903940,1,1,1,1,14,3,3,0,0,0,0,0,1,1,1
2019521903943,1,1,3,1,32,6,3,5,9,0,0,0,0,1,7
2019521903950,1,1,2,1,16,4,3,0,0,0,0,0,2,1,5
2019521903952,1,1,3,2,63,9,3,4,1,0,0,0,0,1,3
2019521903962,2,1,1,2,33,6,3,0,0,0,0,0,8,1,2
2019521903977,1,1,1,1,35,6,3,0,0,0,0,0,9,1,8
2019521903997,2,1,1,1,23,5,2,0,0,0,0,0,3,1,6
2019521903998,2,1,1,1,58,9,3,0,0,0,0,0,4,3,8
2019521903998,2,2,2,2,60,9,3,0,0,0,0,0,4,3,8
2019521904009,2,1,1,2,39,7,3,0,0,0,0,0,9,3,5
2019521904027,1,1,1,1,26,6,3,0,0,0,0,0,1,1,8
2019521904031,2,1,1,1,25,5,3,0,0,0,0,0,1,-1,-1
2019521904057,1,1,1,1,40,7,3,0,0,0,0,0,1,1,6
2019521904060,2,1,1,1,44,7,3,0,0,0,0,0,1,1,3
2019521904065,1,1,3,2,29,6,3,5,9,0,0,0,0,1,1
2019521904073,1,1,1,2,44,7,3,0,0,0,0,0,9,1,3
2019521904073,1,2,2,1,52,8,3,0,0,1,0,0,9,1,1
2019521904089,1,1,1,2,31,6,3,0,0,0,0,0,1,1,3
2019521904113,1,1,3,2,34,6,3,5,9,0,0,0,0,1,1
2019521904119,2,1,1,1,31,6,3,0,0,0,0,0,1,1,2
2019521904140,1,1,3,1,10,2,3,5,9,0,0,0,0,1,1
2019521904143,1,1,2,1,30,6,3,0,0,1,0,0,9,1,1
2019521904162,1,1,1,1,51,8,3,0,0,0,0,0,1,1,4
2019521904163,1,1,1,1,52,8,3,0,0,0,0,0,9,1,2
2019521904195,1,1,1,1,30,6,3,0,0,0,0,0,1,1,6
2019521904196,1,1,3,2,20,4,3,5,9,0,0,0,0,-1,-1
2019521904197,1,1,1,2,32,6,3,0,0,0,0,0,1,1,5
2019521904212,1,1,3,1,12,3,3,5,1,0,0,0,0,1,5
2019521904220,1,1,1,1,24,5,3,0,0,0,0,0,3,1,7
2019521904236,1,1,1,2,46,8,3,0,0,0,0,0,2,1,10
2019521904237,1,1,3,2,6,2,3,5,9,0,0,0,0,1,3
2019521904242,1,1,1,1,58,9,3,0,0,0,0,0,1,1,6
2019521904253,1,1,1,1,52,8,3,0,0,0,0,0,9,1,3
2019521904256,2,1,1,2,36,7,3,0,0,0,0,0,1,1,9
2019521904264,1,1,1,1,24,5,3,0,0,0,0,0,9,1,3
2019521904264,1,2,2,1,24,5,3,0,0,1,0,0,9,1,6
2019521904267,1,1,1,2,45,7,3,0,0,0,0,0,9,1,4
2019521904276,1,1,2,1,54,8,3,0,0,1,0,0,9,1,2
2019521904277,1,1,1,2,42,7,3,0,0,0,0,0,9,1,4
2019521904277,2,2,1,2,58,9,3,0,0,0,0,0,9,1,9
2019521904294,2,1,1,1,23,5,3,0,0,0,0,0,1,1,8
2019521904297,1,1,2,1,35,6,3,0,0,1,0,0,9,1,3
2019521904311,2,1,1,1,26,6,3,0,0,0,0,0,1,-1,-1
2019521904324,1,1,3,1,22,5,3,5,9,0,0,0,0,1,1
2019521904327,1,1,1,1,48,8,3,0,0,0,0,0,9,1,1
2019521904330,2,1,1,2,61,9,3,0,0,0,0,0,1,1,10
2019521904333,1,1,1,1,44,7,3,0,0,0,0,0,1,1,9
2019521904346,1,1,1,1,32,6,3,0,0,0,0,0,1,1,7
2019521904364,1,1,1,2,63,9,3,0,0,0,0,0,9,1,2
2019521904366,1,1,1,2,54,8,3,0,0,0,0,0,9,2,9
2019521904366,1,2,2,2,58,9,3,0,0,1,0,0,9,1,2
2019521904366,1,3,2,2,21,5,3,0,0,2,0,0,9,2,9
2019521904374,1,1,1,1,45,7,3,0,0,0,0,0,9,1,3
2019521904375,1,1,1,1,37,7,3,0,0,0,0,0,1,1,3
2019521904380,1,1,1,2,28,6,3,0,0,0,0,0,9,1,1
2019521904389,1,1,3,1,60,9,3,7,9,0,0,0,0,-1,-1
2019521904396,1,1,1,1,56,9,3,0,0,0,0,0,9,1,6
2019521904396,2,2,1,1,24,5,3,0,0,0,0,0,9,1,4
2019521904400,2,1,1,1,54,8,3,0,0,0,0,0,1,-1,-1
2019521904416,1,1,1,1,31,6,3,0,0,0,0,0,1,1,5
2019521904421,2,1,1,1,18,4,3,0,0,0,0,0,2,1,3
2019521904425,2,1,1,1,57,9,3,0,0,0,0,0,1,1,9
2019521904430,1,1,1,1,27,6,3,0,0,0,0,0,97,1,1
2019521904433,1,1,3,1,14,3,3,6,9,0,0,0,0,1,6
2019521904435,1,1,3,1,23,5,3,5,9,0,0,0,0,1,3
2019521904438,1,1,3,2,30,6,3,6,9,0,0,0,0,1,3
2019521904447,2,1,1,2,31,6,3,0,0,0,0,0,1,1,1
2019521904454,1,1,3,2,11,3,3,5,9,0,0,0,0,1,9
2019521904461,2,1,1,1,50,8,3,0,0,0,0,0,9,1,2
2019521904461,2,2,2,2,38,7,3,0,0,1,0,0,9,1,2
2019521904463,2,1,1,1,34,6,3,0,0,0,0,0,1,1,3
2019521904483,1,1,1,2,33,6,3,0,0,0,0,0,2,1,6
2019521904501,1,1,1,1,22,5,3,0,0,0,0,0,1,1,3
2019521904505,1,1,3,1,12,3,3,5,3,0,0,0,0,1,1
2019521904510,1,1,1,1,38,7,3,0,0,0,0,0,9,-1,-1
2019521904522,2,1,1,1,25,5,3,0,0,0,0,0,1,-1,-1
2019521904538,1,1,3,1,24,5,3,5,9,0,0,0,0,1,3
2019521904539,2,1,1,1,41,7,3,0,0,0,0,0,9,-1,-1
2019521904551,1,1,3,2,55,8,3,9,9,0,0,0,0,1,7
2019521904576,1,1,3,1,57,9,3,5,9,0,0,0,0,1,4
2019521904576,1,2,3,1,30,6,3,5,9,0,0,0,0,1,7
2019521904582,1,1,1,1,33,6,3,0,0,0,0,0,5,1,2
2019521904587,2,1,1,2,51,8,3,0,0,0,0,0,4,1,7
2019521904589,1,1,1,1,27,6,3,0,0,0,0,0,1,1,6
2019521904594,2,1,1,2,29,6,3,0,0,0,0,0,5,1,4
2019521904607,1,1,1,1,68,10,3,0,0,0,0,0,9,1,8
2019521904617,1,1,3,1,12,3,3,5,2,0,0,0,0,1,3
2019521904622,2,1,1,1,53,8,3,0,0,0,0,0,1,1,8
2019521904624,1,1,1,1,38,7,3,0,0,0,0,0,1,1,5
2019521904651,1,1,1,2,48,8,3,0,0,0,0,0,9,1,1
2019521904659,1,1,3,2,27,6,3,8,9,0,0,0,0,1,8
2019521904667,1,1,3,2,23,5,2,6,9,0,0,0,0,1,4
2019521904676,1,1,3,2,73,10,2,5,9,0,0,0,0,1,7
2019521904677,2,1,2,1,3,1,3,0,0,2,0,0,22,1,1
2019521904684,1,1,3,2,27,6,3,9,8,0,0,0,0,2,6
2019521904698,2,1,1,1,61,9,3,0,0,0,0,0,5,1,7
2019521904715,1,1,3,1,55,8,3,5,1,0,0,0,0,1,4
2019521904717,1,1,1,1,20,4,3,0,0,0,0,0,3,1,8
2019521904720,1,1,3,2,34,6,3,9,9,0,0,0,0,1,7
2019521904721,2,1,1,1,34,6,3,0,0,0,0,0,1,1,2
2019521904727,1,1,1,1,30,6,3,0,0,0,0,0,3,1,1
2019521904735,2,1,1,2,23,5,3,0,0,0,0,0,9,1,10
2019521904743,1,1,1,1,29,6,3,0,0,0,0,0,19,1,3
2019521904744,1,1,2,1,20,4,3,0,0,1,0,0,9,1,5
2019521904749,1,1,1,1,30,6,3,0,0,0,0,0,1,1,4
2019521904759,1,1,1,1,46,8,3,0,0,0,0,0,1,3,7
2019521904760,1,1,1,1,26,6,3,0,0,0,0,0,1,1,7
2019521904790,1,1,1,1,59,9,3,0,0,0,0,0,1,1,2
2019521904814,2,1,1,1,42,7,3,0,0,0,0,0,1,-1,-1
2019521904816,1,1,1,2,32,6,3,0,0,0,0,0,9,-1,-1
2019521904816,2,2,1,1,-1,-1,3,0,0,0,0,0,9,-1,-1
2019521904822,2,1,1,2,63,9,3,0,0,0,0,0,1,1,4
2019521904826,2,1,1,1,26,6,3,0,0,0,0,0,1,1,1
2019521904836,3,1,1,1,57,9,3,0,0,0,0,0,1,1,3
2019521904837,2,1,1,1,15,3,3,0,0,0,0,0,1,1,2
2019521904848,1,1,1,1,31,6,3,0,0,0,0,0,9,1,2
2019521904848,1,3,2,2,30,6,3,0,0,1,0,0,9,1,2
2019521904848,1,4,2,1,6,2,3,0,0,2,0,0,9,1,2
2019521904848,1,5,2,2,2,1,3,0,0,2,0,0,9,1,2
2019521904848,2,2,1,1,33,6,3,0,0,0,0,0,9,1,2
2019521904855,1,1,1,2,20,4,3,0,0,0,0,0,9,1,8
2019521904856,1,1,1,1,35,6,3,0,0,0,0,0,11,1,4
2019521904859,2,1,1,1,49,8,3,0,0,0,0,0,22,1,4
2019521904865,1,1,1,2,34,6,3,0,0,0,0,0,9,1,8
2019521904869,1,1,1,1,53,8,3,0,0,0,0,0,1,1,2
2019521904871,1,1,1,2,25,5,3,0,0,0,0,0,9,1,3
2019521904876,1,1,3,2,28,6,3,6,8,0,0,0,0,1,1
2019521904886,1,1,1,2,25,5,3,0,0,0,0,0,9,1,3
2019521904886,1,2,2,2,60,9,3,0,0,1,0,0,9,1,3
2019521904891,2,1,1,1,13,3,3,0,0,0,0,0,1,-1,-1
2019521904908,2,1,1,2,53,8,3,0,0,0,0,0,1,1,5
2019521904910,1,1,3,1,26,6,2,5,2,0,0,0,0,1,7
2019521904920,1,1,1,1,29,6,3,0,0,0,0,0,1,1,6
2019521904925,1,1,1,1,34,6,3,0,0,0,0,0,1,1,4
2019521904929,1,1,1,2,23,5,2,0,0,0,0,0,9,1,3
2019521904929,2,2,2,1,25,5,3,0,0,1,0,0,9,1,9
2019521904932,1,1,1,1,30,6,3,0,0,0,0,0,9,1,1
2019521904932,1,2,2,1,28,6,3,0,0,1,0,0,9,1,1
2019521904932,1,3,2,1,11,3,3,0,0,2,0,0,9,1,1
2019521904932,1,4,2,1,7,2,3,0,0,2,0,0,9,1,1
2019521904932,1,5,2,2,1,1,3,0,0,2,0,0,9,1,1
2019521904933,2,1,1,1,33,6,3,0,0,0,0,0,1,1,1
2019521904934,1,1,1,1,42,7,3,0,0,0,0,0,1,1,7
2019521904942,2,1,1,1,21,5,3,0,0,0,0,0,1,1,10
2019521904944,1,1,1,1,44,7,3,0,0,0,0,0,9,1,2
2019521904944,2,2,1,2,22,5,3,0,0,0,0,0,3,1,5
2019521904955,2,1,1,1,41,7,3,0,0,0,0,0,9,1,6
2019521904957,1,1,1,1,18,4,3,0,0,0,0,0,9,1,6
2019521904957,2,2,1,2,24,5,3,0,0,0,0,0,9,1,8
2019521904964,2,1,1,1,14,3,3,0,0,0,0,0,1,1,1
2019521904970,1,1,1,2,30,6,3,0,0,0,0,0,8,1,7
2019521904971,1,1,1,1,52,8,2,0,0,0,0,0,5,1,7
2019521904971,1,2,2,2,50,8,3,0,0,0,0,0,5,1,8
2019521904971,1,3,3,2,26,6,2,1,9,0,0,0,0,1,6
2019521905009,1,1,1,2,19,4,3,0,0,0,0,0,9,1,2
2019521905009,1,2,2,1,21,5,3,0,0,1,0,0,9,1,4
2019521905009,2,3,2,2,24,5,3,0,0,1,0,0,9,1,5
2019521905038,1,1,3,2,32,6,3,8,9,0,0,0,0,1,4
2019521905046,1,1,1,1,37,7,3,0,0,0,0,0,1,1,9
2019521905072,1,1,3,1,42,7,3,5,3,0,0,0,0,-1,-1
2019521905076,2,1,1,1,20,4,3,0,0,0,0,0,1,-1,-1
2019521905077,1,1,1,1,39,7,3,0,0,0,0,0,1,1,7
2019521905095,1,1,1,2,34,6,3,0,0,0,0,0,9,1,1
2019521905104,1,1,2,2,30,6,3,0,0,1,0,0,9,-1,-1
2019521905109,1,1,1,1,31,6,3,0,0,0,0,0,9,1,4
2019521905113,1,1,1,1,33,6,2,0,0,0,0,0,9,1,7
2019521905115,1,1,1,2,47,8,3,0,0,0,0,0,9,1,9
2019521905115,1,2,2,1,45,7,3,0,0,1,0,0,9,1,9
2019521905115,1,3,2,2,10,2,3,0,0,2,0,0,9,-1,-1
2019521905115,1,4,2,2,8,2,3,0,0,2,0,0,9,1,9
2019521905117,2,1,1,1,50,8,3,0,0,0,0,0,1,1,7
2019521905124,1,1,3,2,29,6,3,1,3,0,0,0,0,1,6
2019521905135,1,1,1,2,36,7,2,0,0,0,0,0,9,1,1
2019521905144,1,1,1,1,42,7,3,0,0,0,0,0,1,1,3
2019521905146,2,1,1,1,35,6,3,0,0,0,0,0,1,1,1
2019521905152,1,1,1,1,50,8,3,0,0,0,0,0,3,1,10
2019521905152,2,2,1,1,39,7,3,0,0,0,0,0,1,1,2
2019521905156,1,1,1,1,50,8,3,0,0,0,0,0,1,1,8
2019521905165,1,1,1,2,54,8,3,0,0,0,0,0,9,1,1
2019521905170,1,1,1,1,52,8,3,0,0,0,0,0,5,1,7
2019521905173,1,1,1,1,45,7,3,0,0,0,0,0,1,1,10
2019521905179,1,1,1,1,48,8,3,0,0,0,0,0,9,1,5
2019521905179,2,2,1,1,34,6,2,0,0,0,0,0,9,1,1
2019521905179,2,3,2,2,33,6,3,0,0,2,0,0,9,1,6
2019521905179,2,4,2,1,25,5,3,0,0,2,0,0,9,-1,8
2019521905181,1,1,1,2,45,7,3,0,0,0,0,0,1,1,3
2019521905182,2,1,1,1,30,6,3,0,0,0,0,0,2,1,6
2019521905186,1,1,1,1,42,7,3,0,0,0,0,0,4,1,4
2019521905206,1,1,3,1,41,7,3,6,9,0,0,0,0,1,1
2019521905209,1,1,1,1,60,9,2,0,0,0,0,0,21,1,2
2019521905209,3,2,1,1,48,8,3,0,0,0,0,0,9,2,9
2019521905209,3,3,2,2,43,7,3,0,0,1,0,0,9,2,9
2019521905218,1,1,3,2,68,10,3,5,9,0,0,0,0,1,5
2019521905230,2,1,1,1,24,5,3,0,0,0,0,0,1,1,8
2019521905232,1,1,1,1,23,5,3,0,0,0,0,0,1,1,2
2019521905238,2,1,1,2,24,5,2,0,0,0,0,0,1,1,3
2019521905247,1,1,1,2,51,8,3,0,0,0,0,0,9,1,8
2019521905247,1,2,2,2,12,3,3,0,0,1,0,0,9,1,8
2019521905255,1,1,3,1,51,8,3,5,9,0,0,0,0,1,1
2019521905271,2,1,1,1,12,3,3,0,0,0,0,0,1,-1,-1
2019521905276,1,1,2,1,27,6,3,0,0,1,0,0,9,1,2
2019521905292,1,1,3,1,37,7,3,6,9,0,0,0,0,1,5
2019521905295,1,1,2,2,60,9,3,0,0,0,3,0,11,1,3
2019521905299,1,1,1,2,30,6,3,0,0,0,0,0,1,1,3
2019521905301,1,1,1,1,33,6,3,0,0,0,0,0,19,1,1
2019521905302,1,1,1,1,28,6,3,0,0,0,0,0,1,1,5
2019521905310,1,1,1,1,48,8,3,0,0,0,0,0,9,1,10
2019521905310,1,2,2,1,35,6,3,0,0,2,0,0,9,-1,-1
2019521905310,1,3,2,1,35,6,3,0,0,2,0,0,9,-1,-1
2019521905318,1,1,1,1,50,8,3,0,0,0,0,0,8,1,10
2019521905348,1,1,2,2,25,5,3,0,0,1,0,0,9,1,1
2019521905354,1,1,1,2,26,6,3,0,0,0,0,0,9,1,4
2019521905375,1,1,1,2,79,11,3,0,0,0,0,0,9,1,7
2019521905381,1,1,1,2,30,6,3,0,0,0,0,0,1,1,4
2019521905394,1,1,1,1,34,6,3,0,0,0,0,0,9,1,1
2019521905394,1,2,2,2,53,8,3,0,0,1,0,0,9,1,1
2019521905402,2,1,1,2,30,6,3,0,0,0,0,0,1,1,3
2019521905405,2,1,1,1,26,6,3,0,0,0,0,0,1,1,9
2019521905411,1,1,1,2,72,10,3,0,0,0,0,0,9,2,9
2019521905411,2,2,2,2,77,11,3,0,0,1,0,0,9,1,9
2019521905412,1,1,1,1,42,7,3,0,0,0,0,0,9,1,8
2019521905415,1,1,1,1,-1,-1,3,0,0,0,0,0,9,-1,-1
2019521905422,1,1,1,1,28,6,3,0,0,0,0,0,8,1,1
2019521905422,2,2,1,2,36,7,3,0,0,0,0,0,9,2,3
2019521905422,2,3,2,1,30,6,3,0,0,1,0,0,9,1,1
2019521905426,2,1,1,2,42,7,3,0,0,0,0,0,1,2,9
2019521905428,2,1,1,1,58,9,3,0,0,0,0,0,9,3,5
2019521905428,3,2,1,2,43,7,3,0,0,0,0,0,9,1,9
2019521905430,1,1,1,1,24,5,3,0,0,0,0,0,9,1,1
2019521905430,1,2,2,2,27,6,3,0,0,1,0,0,9,1,1
2019521905436,2,1,1,1,21,5,3,0,0,0,0,0,1,1,4
2019521905443,1,1,3,1,60,9,3,6,9,0,0,0,0,1,3
2019521905460,2,1,1,1,69,10,3,0,0,0,0,0,4,1,1
2019521905465,1,1,1,2,52,8,2,0,0,0,0,0,9,1,4
2019521905465,2,2,1,1,20,4,3,0,0,0,0,0,9,1,4
2019521905473,1,1,1,1,22,5,2,0,0,0,0,0,9,1,2
2019521905479,1,1,1,1,36,7,3,0,0,0,0,0,9,1,7
2019521905482,1,1,1,1,27,6,3,0,0,0,0,0,9,1,1
2019521905482,2,2,1,2,49,8,3,0,0,0,0,0,9,1,7
2019521905490,1,1,1,1,78,11,3,0,0,0,0,0,9,1,7
2019521905492,2,1,1,2,27,6,3,0,0,0,0,0,1,1,3
2019521905511,1,1,1,1,21,5,3,0,0,0,0,0,4,1,6
2019521905519,2,1,1,1,26,6,3,0,0,0,0,0,1,1,2
2019521905530,2,1,1,2,37,7,3,0,0,0,0,0,1,1,5
2019521905532,2,1,1,2,25,5,3,0,0,0,0,0,4,1,10
2019521905533,1,1,3,2,38,7,3,9,5,0,0,0,0,1,8
2019521905536,2,1,1,1,15,3,3,0,0,0,0,0,1,-1,-1
2019521905537,1,1,1,1,85,11,3,0,0,0,0,0,9,3,7
2019521905554,1,1,1,1,48,8,3,0,0,0,0,0,5,1,1
2019521905558,1,1,1,1,26,6,3,0,0,0,0,0,1,1,3
2019521905560,1,1,1,1,34,6,3,0,0,0,0,0,9,1,10
2019521905561,1,1,1,1,43,7,3,0,0,0,0,0,1,1,6
2019521905579,2,1,1,1,12,3,3,0,0,0,0,0,1,1,2
2019521905586,1,1,3,1,58,9,3,5,1,0,0,0,0,1,3
2019521905589,1,2,3,2,6,2,3,6,9,0,0,0,0,1,3
2019521905589,2,1,1,2,64,9,3,0,0,0,0,0,9,1,5
2019521905590,1,1,3,1,34,6,3,8,3,0,0,0,0,1,4
2019521905592,1,1,1,1,-1,-1,3,0,0,0,0,0,4,1,3
2019521905592,2,2,1,1,25,5,3,0,0,0,0,0,9,1,3
2019521905595,1,1,1,2,26,6,3,0,0,0,0,0,9,1,3
2019521905600,1,1,1,2,25,5,3,0,0,0,0,0,1,1,3
2019521905606,1,1,1,2,44,7,3,0,0,0,0,0,1,1,3
2019521905627,1,1,1,2,29,6,3,0,0,0,0,0,9,1,4
2019521905627,2,2,1,1,49,8,3,0,0,0,0,0,9,1,1
2019521905635,1,1,1,1,27,6,2,0,0,0,0,0,1,1,1
2019521905642,2,1,1,1,23,5,3,0,0,0,0,0,1,1,8
2019521905650,1,1,1,1,26,6,3,0,0,0,0,0,1,1,7
2019521905654,1,1,3,2,36,7,3,6,9,0,0,0,0,1,3
2019521905656,1,1,1,1,26,6,3,0,0,0,0,0,1,1,1
2019521905665,1,1,3,2,5,1,3,5,1,0,0,0,0,1,7
2019521905670,1,1,2,2,18,4,3,0,0,2,0,0,8,1,1
2019521905681,1,1,1,1,48,8,3,0,0,0,0,0,9,1,1
2019521905682,1,1,1,1,43,7,3,0,0,0,0,0,3,1,10
2019521905684,2,1,1,2,25,5,3,0,0,0,0,0,1,-1,-1
2019521905685,1,1,3,1,31,6,3,5,1,0,0,0,0,-1,8
2019521905707,1,1,1,2,36,7,3,0,0,0,0,0,9,1,5
2019521905710,1,1,3,2,20,4,3,3,2,0,0,0,0,-1,-1
2019521905717,3,1,1,1,33,6,3,0,0,0,0,0,9,-1,-1
2019521905717,4,2,1,2,65,9,3,0,0,0,0,0,9,1,10
2019521905722,1,1,1,1,37,7,3,0,0,0,0,0,1,1,3
2019521905729,1,1,2,1,67,10,3,0,0,1,0,0,9,1,9
2019521905732,2,1,1,1,39,7,3,0,0,0,0,0,9,3,7
2019521905734,1,1,3,2,5,1,3,9,9,0,0,0,0,-1,-1
2019521905735,1,1,1,2,21,5,3,0,0,0,0,0,9,1,7
2019521905740,2,1,1,1,17,4,3,0,0,0,0,0,1,-1,-1
2019521905741,1,1,1,1,53,8,3,0,0,0,0,0,1,3,7
2019521905743,1,1,1,1,57,9,3,0,0,0,0,0,8,1,7
2019521905743,1,2,2,1,19,4,3,0,0,1,0,0,8,1,4
2019521905746,2,1,1,1,24,5,3,0,0,0,0,0,9,1,2
2019521905750,2,1,1,1,16,4,3,0,0,0,0,0,2,1,2
2019521905769,1,1,3,2,9,2,3,5,3,0,0,0,0,1,3
2019521905777,1,1,1,1,44,7,2,0,0,0,0,0,3,1,6
2019521905778,1,1,1,1,79,11,2,0,0,0,0,0,9,1,4
2019521905778,1,2,2,2,76,11,2,0,0,1,0,0,9,1,4
2019521905779,2,1,1,2,31,6,3,0,0,0,0,0,1,1,4
2019521905780,1,1,1,2,42,7,2,0,0,0,0,0,9,1,8
2019521905780,1,2,2,1,17,4,3,0,0,1,0,0,9,1,1
2019521905792,2,1,1,1,20,4,2,0,0,0,0,0,4,1,1
2019521905796,2,1,1,1,16,4,3,0,0,0,0,0,2,1,4
2019521905798,1,1,1,2,91,11,3,0,0,0,0,0,9,1,7
2019521905805,1,1,1,2,33,6,3,0,0,0,0,0,1,1,7
2019521905813,2,1,1,1,34,6,3,0,0,0,0,0,9,1,3
2019521905838,1,1,1,1,25,5,3,0,0,0,0,0,1,1,9
2019521905842,1,1,1,1,34,6,3,0,0,0,0,0,9,1,5
2019521905842,1,2,2,2,30,6,3,0,0,1,0,0,9,1,5
2019521905842,1,3,2,1,35,6,3,0,0,2,0,0,9,-1,-1
2019521905842,1,4,2,2,35,6,3,0,0,2,0,0,9,-1,-1
2019521905846,2,1,1,2,20,4,3,0,0,0,0,0,9,1,6
2019521905847,2,1,1,1,23,5,3,0,0,0,0,0,3,1,4
2019521905849,1,1,1,2,32,6,3,0,0,0,0,0,9,1,1
2019521905852,1,1,3,1,26,6,3,5,2,0,0,0,0,-1,-1
2019521905864,1,1,3,1,66,10,2,5,1,0,0,0,0,1,4
2019521905867,2,1,1,1,30,6,3,0,0,0,0,0,5,1,2
2019521905871,2,1,1,2,39,7,3,0,0,0,0,0,1,1,6
2019521905873,1,1,2,2,40,7,3,0,0,2,0,0,8,1,7
2019521905877,1,1,1,2,36,7,3,0,0,0,0,0,9,1,6
2019521905877,1,2,2,1,24,5,3,0,0,2,0,0,9,1,1
2019521905877,1,3,2,1,33,6,3,0,0,1,0,0,9,1,6
2019521905877,1,4,2,2,15,3,3,0,0,2,0,0,9,1,6
2019521905877,1,5,2,2,13,3,3,0,0,2,0,0,9,1,6
2019521905881,1,1,1,1,39,7,2,0,0,0,0,0,5,1,10
2019521905881,1,2,3,1,18,4,2,5,1,0,0,0,0,1,6
2019521905888,1,1,1,1,42,7,3,0,0,0,0,0,9,1,5
2019521905889,1,1,3,1,52,8,3,5,4,0,0,0,0,1,2
2019521905910,2,1,1,1,25,5,3,0,0,0,0,0,1,-1,-1
2019521905911,2,1,1,1,38,7,3,0,0,0,0,0,5,1,5
2019521905916,1,1,3,1,30,6,3,1,1,0,0,0,0,1,8
2019521905921,1,1,1,2,48,8,3,0,0,0,0,0,9,1,7
2019521905921,1,3,3,2,63,9,3,6,9,0,0,0,0,1,2
2019521905921,2,2,1,2,41,7,3,0,0,0,0,0,9,1,5
2019521905923,2,1,1,2,31,6,3,0,0,0,0,0,1,1,3
2019521905929,1,1,3,1,27,6,3,6,9,0,0,0,0,1,2
2019521905940,1,1,1,1,50,8,3,0,0,0,0,0,9,1,3
2019521905940,1,2,2,2,50,8,3,0,0,1,0,0,9,1,3
2019521905941,2,1,1,2,20,4,2,0,0,0,0,0,1,1,4
2019521905950,1,1,1,2,21,5,3,0,0,0,0,0,3,1,1
2019521905956,2,1,1,1,42,7,3,0,0,0,0,0,9,-1,-1
2019521905961,1,1,1,1,35,6,3,0,0,0,0,0,1,1,8
2019521905964,1,1,3,1,36,7,3,9,6,0,0,0,0,1,6
2019521905976,1,1,1,1,25,5,2,0,0,0,0,0,9,-1,-1
2019521905981,1,1,1,1,15,3,3,0,0,0,0,0,1,1,5
2019521905982,2,1,1,2,44,7,3,0,0,0,0,0,5,1,6
2019521905984,1,1,1,1,27,6,3,0,0,0,0,0,9,1,1
2019521905988,1,1,1,1,25,5,3,0,0,0,0,0,9,1,3
2019521905988,2,2,1,1,49,8,3,0,0,0,0,0,8,1,4
2019521905988,2,3,2,1,35,6,3,0,0,2,0,0,8,1,1
2019521905988,2,4,2,1,35,6,3,0,0,2,0,0,8,1,10
2019521905988,2,5,2,1,36,7,3,0,0,2,0,0,8,2,3
2019521906006,2,1,1,2,21,5,3,0,0,0,0,0,9,1,7
2019521906008,2,1,1,2,40,7,3,0,0,0,0,0,1,-1,-1
2019521906015,1,1,1,1,20,4,3,0,0,0,0,0,1,1,9
2019521906020,1,1,1,1,59,9,3,0,0,0,0,0,11,1,5
2019521906020,2,2,1,2,34,6,3,0,0,0,0,0,9,1,4
2019521906030,2,1,2,2,27,6,3,0,0,1,0,0,9,1,6
2019521906036,2,1,2,1,21,5,3,0,0,0,3,0,11,1,1
2019521906046,1,1,1,1,32,6,3,0,0,0,0,0,1,1,4
2019521906050,1,1,1,1,30,6,3,0,0,0,0,0,9,1,3
2019521906055,1,1,1,1,34,6,3,0,0,0,0,0,9,1,4
2019521906061,1,1,2,1,30,6,3,0,0,1,0,0,9,-1,-1
2019521906073,1,1,1,1,44,7,3,0,0,0,0,0,1,1,10
2019521906075,1,1,3,2,19,4,3,10,9,0,0,0,0,1,3
2019521906095,2,1,1,1,19,4,3,0,0,0,0,0,1,1,1
2019521906096,1,1,1,2,55,8,3,0,0,0,0,0,9,1,10
2019521906097,1,1,1,1,24,5,3,0,0,0,0,0,3,1,1
2019521906103,1,1,1,1,19,4,3,0,0,0,0,0,9,1,1
2019521906103,1,2,2,2,19,4,3,0,0,1,0,0,9,1,9
2019521906103,1,3,2,2,18,4,3,0,0,2,0,0,9,1,10
2019521906104,2,1,1,1,44,7,3,0,0,0,0,0,1,1,5
2019521906106,1,1,1,2,40,7,3,0,0,0,0,0,9,1,1
2019521906106,1,3,2,1,39,7,3,0,0,1,0,0,9,1,1
2019521906106,2,2,1,2,33,6,3,0,0,0,0,0,9,1,1
2019521906106,2,4,2,2,31,6,3,0,0,1,0,0,9,1,1
2019521906112,1,1,3,1,56,9,3,5,3,0,0,0,0,3,8
2019521906118,2,1,1,2,18,4,3,0,0,0,0,0,1,1,1
2019521906122,1,1,3,1,4,1,2,5,4,0,0,0,0,1,1
2019521906131,1,1,1,1,35,6,3,0,0,0,0,0,1,1,10
2019521906137,1,1,3,1,21,5,3,5,1,0,0,0,0,1,6
2019521906138,1,1,1,1,31,6,3,0,0,0,0,0,1,1,10
2019521906142,1,1,1,1,26,6,3,0,0,0,0,0,9,1,7
2019521906144,1,1,1,1,19,4,3,0,0,0,0,0,4,1,7
2019521906144,2,2,1,1,17,4,3,0,0,0,0,0,1,1,1
2019521906147,2,1,1,1,22,5,3,0,0,0,0,0,1,1,2
2019521906154,1,1,3,1,39,7,3,5,1,0,0,0,0,1,4
2019521906155,1,1,1,1,32,6,3,0,0,0,0,0,1,1,8
2019521906166,1,1,1,1,14,3,3,0,0,0,0,0,1,1,5
2019521906167,2,1,1,2,29,6,3,0,0,0,0,0,1,1,3
2019521906173,1,1,3,1,35,6,3,5,1,0,0,0,0,1,1
2019521906183,1,1,1,2,32,6,3,0,0,0,0,0,1,1,6
2019521906184,1,1,1,2,28,6,3,0,0,0,0,0,9,1,3
2019521906189,1,1,1,1,28,6,3,0,0,0,0,0,9,1,6
2019521906192,1,1,1,2,24,5,3,0,0,0,0,0,2,1,5
2019521906203,1,1,1,2,33,6,3,0,0,0,0,0,9,1,4
2019521906212,2,1,1,1,24,5,3,0,0,0,0,0,9,1,1
2019521906217,1,1,1,2,46,8,3,0,0,0,0,0,9,1,6
2019521906229,1,1,1,1,31,6,3,0,0,0,0,0,1,1,4
2019521906230,2,1,1,1,18,4,3,0,0,0,0,0,9,2,10
2019521906230,2,2,2,1,18,4,3,0,0,1,0,0,9,1,8
2019521906256,1,1,1,2,37,7,3,0,0,0,0,0,9,1,3
2019521906259,1,1,1,2,27,6,3,0,0,0,0,0,1,1,4
2019521906262,1,1,1,1,30,6,3,0,0,0,0,0,1,-1,4
2019521906268,1,1,3,2,11,3,3,5,1,0,0,0,0,1,1
2019521906272,1,1,1,2,23,5,3,0,0,0,0,0,3,1,1
2019521906300,1,1,3,1,37,7,3,5,1,0,0,0,0,1,4
2019521906313,2,1,1,2,25,5,3,0,0,0,0,0,1,1,1
2019521906316,2,1,1,2,29,6,3,0,0,0,0,0,1,-1,-1
2019521906325,2,1,1,2,30,6,3,0,0,0,0,0,4,1,7
2019521906326,2,1,1,1,49,8,3,0,0,0,0,0,1,1,6
2019521906327,1,1,1,1,33,6,3,0,0,0,0,0,9,1,2
2019521906328,2,1,1,2,37,7,3,0,0,0,0,0,3,1,7
2019521906335,2,1,1,2,28,6,3,0,0,0,0,0,1,1,10
2019521906336,1,1,1,2,18,4,3,0,0,0,0,0,9,1,7
2019521906356,2,1,1,1,67,10,3,0,0,0,0,0,9,2,10
2019521906360,1,1,1,1,20,4,3,0,0,0,0,0,9,1,1
2019521906362,1,1,1,2,58,9,3,0,0,0,0,0,9,1,4
2019521906364,1,1,2,2,41,7,3,0,0,1,0,0,9,1,1
2019521906366,2,1,1,1,13,3,3,0,0,0,0,0,1,1,4
2019521906369,2,1,1,1,24,5,3,0,0,0,0,0,1,1,3
2019521906371,2,1,1,1,22,5,3,0,0,0,0,0,9,1,2
2019521906380,1,1,1,1,29,6,3,0,0,0,0,0,1,1,3
2019521906381,2,1,1,1,84,11,3,0,0,0,0,0,9,1,5
2019521906388,2,1,1,1,12,3,3,0,0,0,0,0,1,1,1
2019521906395,1,1,3,1,12,3,3,4,1,0,0,0,0,1,9
2019521906398,1,1,3,2,21,5,3,5,1,0,0,0,0,1,9
2019521906402,2,1,1,1,58,9,3,0,0,0,0,0,1,1,7
2019521906406,1,1,1,2,25,5,3,0,0,0,0,0,1,1,5
2019521906414,2,1,1,1,78,11,3,0,0,0,0,0,9,1,1
2019521906415,1,1,1,1,20,4,3,0,0,0,0,0,3,1,2
2019521906416,2,1,1,2,25,5,3,0,0,0,0,0,19,1,1
2019521906417,2,1,1,1,37,7,2,0,0,0,0,0,1,1,1
2019521906418,1,1,1,1,87,11,3,0,0,0,0,0,9,1,1
2019521906421,1,1,1,1,22,5,3,0,0,0,0,0,5,1,3
2019521906425,1,1,3,1,11,3,3,5,4,0,0,0,0,1,4
2019521906439,1,1,1,1,36,7,3,0,0,0,0,0,9,1,3
2019521906439,1,2,2,2,40,7,3,0,0,1,0,0,9,1,3
2019521906450,1,1,1,1,44,7,2,0,0,0,0,0,9,1,4
2019521906450,2,2,1,1,34,6,3,0,0,0,0,0,9,3,8
2019521906451,2,1,1,2,40,7,3,0,0,0,0,0,1,-1,-1
2019521906459,1,1,1,2,26,6,3,0,0,0,0,0,9,1,10
2019521906463,1,1,1,2,20,4,3,0,0,0,0,0,9,1,5
2019521906486,1,1,1,1,45,7,3,0,0,0,0,0,4,1,8
2019521906491,1,1,3,1,25,5,3,5,1,0,0,0,0,1,8
2019521906491,1,2,2,2,73,10,3,0,0,1,0,0,9,1,6
2019521906492,2,1,1,2,25,5,3,0,0,0,0,0,1,1,2
2019521906496,2,1,1,1,59,9,3,0,0,0,0,0,1,1,7
2019521906497,1,1,1,1,26,6,3,0,0,0,0,0,9,1,4
2019521906515,1,1,1,1,76,11,3,0,0,0,0,0,9,1,4
2019521906522,1,1,3,2,16,4,3,1,1,0,0,0,0,1,6
2019521906542,2,1,1,1,54,8,2,0,0,0,0,0,1,1,5
2019521906549,1,1,1,1,44,7,3,0,0,0,0,0,1,1,7
2019521906551,2,1,1,1,54,8,3,0,0,0,0,0,1,1,2
2019521906570,1,1,1,2,60,9,3,0,0,0,0,0,9,3,10
2019521906574,1,1,1,1,43,7,3,0,0,0,0,0,3,1,3
2019521906589,1,1,1,1,21,5,3,0,0,0,0,0,9,3,10
2019521906592,2,1,1,1,33,6,3,0,0,0,0,0,1,1,1
2019521906594,1,1,3,1,25,5,3,5,3,0,0,0,0,1,3
2019521906619,1,1,1,1,38,7,3,0,0,0,0,0,9,1,6
2019521906619,1,2,2,2,30,6,3,0,0,1,0,0,9,-1,-1
2019521906624,1,1,1,2,30,6,3,0,0,0,0,0,9,1,5
2019521906624,1,2,2,1,32,6,3,0,0,1,0,0,9,1,5
2019521906652,2,1,1,1,20,4,3,0,0,0,0,0,3,1,1
2019521906654,1,1,1,2,58,9,3,0,0,0,0,0,9,1,3
2019521906655,1,1,3,1,8,2,3,5,4,0,0,0,0,1,10
2019521906660,1,1,1,1,40,7,3,0,0,0,0,0,5,1,9
2019521906660,1,2,3,1,22,5,3,5,1,0,0,0,0,1,4
2019521906666,1,1,1,2,20,4,3,0,0,0,0,0,1,2,10
2019521906675,1,1,3,2,7,2,3,1,9,0,0,0,0,1,1
2019521906676,1,1,1,1,64,9,3,0,0,0,0,0,9,1,5
2019521906679,1,1,1,2,22,5,3,0,0,0,0,0,1,1,4
2019521906680,1,1,2,2,23,5,3,0,0,1,0,0,9,-1,-1
2019521906684,1,1,3,1,72,10,3,9,8,0,0,0,0,1,3
2019521906685,1,1,1,2,21,5,3,0,0,0,0,0,1,1,9
2019521906690,2,1,1,1,21,5,3,0,0,0,0,0,1,1,9
2019521906693,1,1,3,2,24,5,3,1,1,0,0,0,0,1,3
2019521906698,1,1,3,2,68,10,2,9,5,0,0,0,0,1,2
2019521906708,1,1,1,1,27,6,3,0,0,0,0,0,1,1,4
2019521906711,1,1,1,1,21,5,3,0,0,0,0,0,1,2,10
2019521906745,1,1,1,2,34,6,3,0,0,0,0,0,9,1,3
2019521906745,1,2,2,2,37,7,3,0,0,1,0,0,9,1,4
2019521906759,1,1,1,1,19,4,3,0,0,0,0,0,3,1,8
2019521906759,1,2,3,1,57,9,2,5,1,0,0,0,0,1,4
2019521906764,1,1,1,1,55,8,3,0,0,0,0,0,1,1,8
2019521906769,1,1,1,2,30,6,3,0,0,0,0,0,9,1,4
2019521906769,2,2,1,1,27,6,3,0,0,0,0,0,11,1,2
2019521906773,1,1,1,1,39,7,3,0,0,0,0,0,9,1,2
2019521906773,2,2,1,1,25,5,3,0,0,0,0,0,4,1,9
2019521906776,1,1,1,1,28,6,3,0,0,0,0,0,9,1,2
2019521906777,2,1,1,2,26,6,3,0,0,0,0,0,5,1,2
2019521906780,1,1,1,1,43,7,3,0,0,0,0,0,1,1,7
2019521906784,1,1,1,1,23,5,3,0,0,0,0,0,1,1,6
2019521906811,1,1,3,1,47,8,3,5,9,0,0,0,0,1,10
2019521906820,2,1,1,1,28,6,3,0,0,0,0,0,1,1,1
2019521906830,1,1,1,1,48,8,3,0,0,0,0,0,1,1,7
2019521906833,2,1,1,1,30,6,3,0,0,0,0,0,9,-1,-1
2019521906835,1,1,3,1,15,3,3,5,9,0,0,0,0,1,3
2019521906848,2,1,1,1,48,8,3,0,0,0,0,0,1,1,4
2019521906850,2,1,1,1,38,7,3,0,0,0,0,0,3,1,1
2019521906855,1,1,1,1,37,7,3,0,0,0,0,0,1,1,7
2019521906856,1,1,3,2,70,10,3,6,9,0,0,0,0,1,1
2019521906866,1,1,1,2,24,5,3,0,0,0,0,0,3,1,2
2019521906885,1,1,1,1,25,5,3,0,0,0,0,0,9,1,1
2019521906894,1,1,1,1,45,7,3,0,0,0,0,0,1,1,8
2019521906902,1,1,3,1,24,5,3,6,9,0,0,0,0,1,2
2019521906910,1,1,3,2,39,7,3,5,1,0,0,0,0,1,2
2019521906917,1,1,1,1,38,7,3,0,0,0,0,0,1,1,6
2019521906919,1,1,3,2,43,7,3,6,9,0,0,0,0,-1,1
2019521906922,1,1,1,1,45,7,3,0,0,0,0,0,1,1,3
2019521906925,1,1,3,1,24,5,3,1,3,0,0,0,0,1,3
2019521906942,2,1,1,1,17,4,3,0,0,0,0,0,3,-1,-1
2019521906945,1,1,1,2,34,6,3,0,0,0,0,0,9,1,2
2019521906945,1,2,2,1,16,4,3,0,0,1,0,0,9,1,2
2019521906949,1,1,1,2,46,8,3,0,0,0,0,0,9,1,4
2019521906949,1,2,2,2,30,6,3,0,0,1,0,0,9,-1,-1
2019521906950,1,1,1,1,36,7,3,0,0,0,0,0,1,1,4
2019521906951,1,1,1,2,28,6,3,0,0,0,0,0,9,1,9
2019521906964,1,1,3,2,40,7,3,5,9,0,0,0,0,1,7
2019521906978,1,1,3,1,30,6,3,5,1,0,0,0,0,1,4
2019521906983,2,1,1,1,27,6,2,0,0,0,0,0,2,1,4
2019521906986,2,1,1,1,20,4,3,0,0,0,0,0,1,1,3
2019521906996,1,1,3,2,79,11,2,5,9,0,0,0,0,1,4
2019521907014,1,1,3,2,52,8,3,5,9,0,0,0,0,1,3
2019521907015,1,1,1,2,34,6,3,0,0,0,0,0,1,1,1
2019521907015,1,2,3,2,62,9,3,6,9,0,0,0,0,1,2
2019521907019,1,1,1,2,66,10,3,0,0,0,0,0,9,1,1
2019521907035,1,1,3,1,35,6,2,6,9,0,0,0,0,1,4
2019521907046,1,1,2,2,21,5,3,0,0,2,0,0,9,1,7
2019521907046,1,2,2,2,58,9,3,0,0,1,0,0,9,1,7
2019521907055,1,1,1,1,33,6,3,0,0,0,0,0,1,1,4
2019521907076,1,1,1,1,29,6,3,0,0,0,0,0,1,1,8
2019521907093,2,1,1,2,52,8,3,0,0,0,0,0,1,1,9
2019521907098,1,1,1,2,54,8,3,0,0,0,0,0,9,1,10
2019521907098,2,2,1,1,22,5,3,0,0,0,0,0,5,2,7
2019521907125,1,1,1,1,52,8,3,0,0,0,0,0,9,1,4
2019521907125,1,3,2,2,53,8,3,0,0,1,0,0,9,1,4
2019521907125,2,2,1,1,57,9,3,0,0,0,0,0,8,1,1
2019521907125,2,4,2,2,30,6,3,0,0,2,0,0,8,1,1
2019521907128,1,1,1,2,21,5,3,0,0,0,0,0,9,1,10
2019521907136,1,1,3,2,37,7,3,5,3,0,0,0,0,1,8
2019521907142,1,1,3,1,32,6,3,5,1,0,0,0,0,1,5
2019521907151,1,1,3,2,16,4,3,5,1,0,0,0,0,-1,-1
2019521907173,1,1,1,2,37,7,3,0,0,0,0,0,1,1,2
2019521907188,1,1,1,1,23,5,3,0,0,0,0,0,1,1,7
2019521907194,1,1,1,1,33,6,3,0,0,0,0,0,1,1,3
2019521907205,1,1,3,1,40,7,3,1,4,0,0,0,0,-1,-1
2019521907215,1,1,1,2,30,6,3,0,0,0,0,0,1,1,2
2019521907219,1,1,3,1,29,6,3,6,9,0,0,0,0,1,6
2019521907224,1,1,3,1,12,3,2,1,9,0,0,0,0,1,3
2019521907263,1,1,1,1,34,6,3,0,0,0,0,0,3,1,4
2019521907275,1,1,3,2,37,7,3,5,9,0,0,0,0,1,9
2019521907278,1,1,1,2,24,5,2,0,0,0,0,0,9,1,6
2019521907278,2,2,1,1,33,6,2,0,0,0,0,0,9,1,6
2019521907281,1,1,1,2,31,6,3,0,0,0,0,0,1,1,3
2019521907283,1,1,1,1,27,6,3,0,0,0,0,0,1,1,10
2019521907295,1,1,1,2,38,7,3,0,0,0,0,0,1,1,5
2019521907297,2,1,1,1,24,5,2,0,0,0,0,0,5,1,4
2019521907298,1,1,1,2,22,5,3,0,0,0,0,0,1,1,10
2019521907298,1,2,3,2,20,4,3,5,9,0,0,0,0,-1,-1
2019521907300,1,1,1,1,27,6,3,0,0,0,0,0,1,1,4
2019521907312,1,1,1,2,32,6,3,0,0,0,0,0,1,1,4
2019521907319,1,1,1,2,44,7,3,0,0,0,0,0,9,1,1
2019521907320,1,1,1,1,29,6,3,0,0,0,0,0,1,1,8
2019521907340,2,1,1,2,25,5,3,0,0,0,0,0,1,1,7
2019521907370,2,1,1,1,44,7,3,0,0,0,0,0,1,1,9
2019521907374,1,1,3,1,48,8,3,9,5,0,0,0,0,1,4
2019521907376,1,1,1,1,21,5,3,0,0,0,0,0,9,1,6
2019521907377,2,1,1,1,28,6,3,0,0,0,0,0,1,-1,-1
2019521907388,1,1,1,2,39,7,3,0,0,0,0,0,3,1,4
2019521907393,1,1,1,2,43,7,3,0,0,0,0,0,1,1,4
2019521907394,2,1,1,1,21,5,2,0,0,0,0,0,9,1,6
2019521907408,1,1,3,1,62,9,3,5,1,0,0,0,0,1,2
2019521907416,1,1,3,2,48,8,3,9,5,0,0,0,0,1,5
2019521907423,1,1,3,2,45,7,3,5,1,0,0,0,0,1,6
2019521907423,1,2,1,1,43,7,3,0,0,0,0,0,3,1,5
2019521907469,1,1,1,1,15,3,3,0,0,0,0,0,9,1,1
2019521907469,1,2,2,1,16,4,3,0,0,1,0,0,9,1,6
2019521907473,1,1,3,2,36,7,2,5,3,0,0,0,0,1,1
2019521907484,1,1,3,2,19,4,3,5,9,0,0,0,0,1,2
2019521907485,1,1,1,1,50,8,3,0,0,0,0,0,4,1,6
2019521907489,1,1,3,1,80,11,2,5,9,0,0,0,0,1,3
2019521907495,1,1,1,2,31,6,3,0,0,0,0,0,9,2,10
2019521907498,1,1,1,1,51,8,3,0,0,0,0,0,9,1,8
2019521907520,1,1,1,1,38,7,3,0,0,0,0,0,1,1,9
2019521907549,2,1,1,1,62,9,3,0,0,0,0,0,4,1,3
2019521907571,1,1,1,2,22,5,3,0,0,0,0,0,9,1,1
2019521907579,1,1,1,1,36,7,3,0,0,0,0,0,9,1,5
2019521907598,1,1,1,1,22,5,3,0,0,0,0,0,9,1,2
2019521907624,1,1,1,1,17,4,3,0,0,0,0,0,4,1,9
2019521907640,1,1,3,2,25,5,3,8,1,0,0,0,0,1,9
2019521907653,2,1,1,1,52,8,2,0,0,0,0,0,4,2,9
2019522000013,1,1,1,1,46,8,3,0,0,0,0,0,9,1,3
2019522000023,2,1,1,1,20,4,2,0,0,0,0,0,5,1,1
2019522000054,2,1,1,2,26,6,3,0,0,0,0,0,1,1,7
2019522000090,1,1,1,1,53,8,3,0,0,0,0,0,9,1,1
2019522000107,1,1,1,2,65,9,3,0,0,0,0,0,9,1,2
2019522000107,1,3,2,1,67,10,3,0,0,1,0,0,9,1,2
2019522000107,2,2,1,1,32,6,3,0,0,0,0,0,9,1,9
2019522000107,2,4,2,2,31,6,3,0,0,2,0,0,9,1,8
2019522000168,1,1,1,1,27,6,3,0,0,0,0,0,1,1,4
2019522000212,2,1,1,1,58,9,3,0,0,0,0,0,1,1,7
2019522000230,2,1,1,1,26,6,3,0,0,0,0,0,9,1,2
2019522000264,1,1,1,1,43,7,3,0,0,0,0,0,4,1,10
2019522000265,1,1,3,1,78,11,2,5,9,0,0,0,0,3,8
2019522000268,1,1,1,1,52,8,3,0,0,0,0,0,9,1,1
2019522000314,1,1,3,2,71,10,2,5,9,0,0,0,0,1,3
2019522000348,1,1,1,1,25,5,3,0,0,0,0,0,4,-1,-1
2019522000348,1,2,3,2,55,8,2,5,9,0,0,0,0,1,3
2019522000368,2,1,1,1,25,5,2,0,0,0,0,0,1,1,2
2019522000379,1,1,2,1,36,7,3,0,0,1,0,0,9,1,4
2019522000513,1,1,3,1,80,11,3,1,1,0,0,0,0,1,7
2019522000520,2,1,1,2,35,6,3,0,0,0,0,0,1,1,9
2019522000527,1,1,1,2,27,6,3,0,0,0,0,0,9,1,7
2019522000531,1,1,1,1,30,6,3,0,0,0,0,0,9,1,1
2019522000531,2,2,1,2,42,7,3,0,0,0,0,0,9,1,4
2019522000535,2,1,1,2,53,8,3,0,0,0,0,0,3,2,8
2019522000545,2,1,1,2,22,5,3,0,0,0,0,0,1,1,7
2019522000552,2,1,1,1,68,10,3,0,0,0,0,0,1,1,3
2019522000553,1,1,3,1,28,6,3,5,1,0,0,0,0,2,7
2019522000565,2,1,1,1,49,8,3,0,0,0,0,0,1,-1,-1
2019522000566,1,1,1,1,20,4,3,0,0,0,0,0,9,1,8
2019522000568,2,1,1,1,33,6,3,0,0,0,0,0,9,1,4
2019522000572,1,1,1,1,27,6,2,0,0,0,0,0,3,-1,-1
2019522000594,1,1,1,2,25,5,3,0,0,0,0,0,9,1,9
2019522000601,1,1,1,1,27,6,2,0,0,0,0,0,3,1,8
2019522000612,1,1,3,1,11,3,3,8,9,0,0,0,0,1,1
2019522000618,1,1,3,1,25,5,3,9,5,0,0,0,0,1,6
2019522000624,1,1,1,1,63,9,3,0,0,0,0,0,9,1,3
2019522000638,1,1,1,1,43,7,3,0,0,0,0,0,3,1,1
2019522000646,2,1,1,2,37,7,3,0,0,0,0,0,1,1,8
2019522000651,2,1,1,1,20,4,3,0,0,0,0,0,1,1,7
2019522000692,2,1,1,1,30,6,3,0,0,0,0,0,1,-1,6
2019522000716,2,1,1,2,33,6,3,0,0,0,0,0,1,1,7
2019522000736,2,1,1,1,40,7,3,0,0,0,0,0,5,1,10
2019522000741,1,1,3,1,47,8,3,9,6,0,0,0,0,1,1
2019522000745,1,1,1,1,81,11,3,0,0,0,0,0,9,1,2
2019522000746,2,1,1,1,23,5,3,0,0,0,0,0,1,1,3
2019522000750,1,1,1,1,40,7,3,0,0,0,0,0,3,3,5
2019522000773,1,1,1,2,83,11,3,0,0,0,0,0,9,2,5
2019522000775,2,1,1,2,72,10,3,0,0,0,0,0,9,1,5
2019522000776,1,1,3,1,22,5,3,1,9,0,0,0,0,1,4
2019522000798,2,1,1,1,22,5,3,0,0,0,0,0,1,1,4
2019522000801,1,1,1,1,65,9,3,0,0,0,0,0,4,1,7
2019522000823,2,1,1,1,50,8,3,0,0,0,0,0,1,1,10
2019522000836,1,1,3,1,85,11,2,1,9,0,0,0,0,1,7
2019522000845,2,1,1,1,19,4,3,0,0,0,0,0,3,1,1
2019522000856,1,1,1,1,30,6,3,0,0,0,0,0,9,1,1
2019522000856,2,2,1,2,42,7,3,0,0,0,0,0,9,-1,-1
2019522000861,1,1,1,2,68,10,3,0,0,0,0,0,9,1,6
2019522000882,1,1,1,2,59,9,3,0,0,0,0,0,9,1,6
2019522000886,2,1,1,1,27,6,3,0,0,0,0,0,3,1,4
2019522000899,1,1,3,1,11,3,3,5,2,0,0,0,0,1,1
2019522000903,1,1,1,1,44,7,3,0,0,0,0,0,9,1,6
2019522000903,2,2,1,1,45,7,3,0,0,0,0,0,9,2,6
2019522000915,1,1,3,1,25,5,3,9,9,0,0,0,0,1,3
2019522000920,2,1,1,1,25,5,3,0,0,0,0,0,1,1,4
2019522000924,1,1,1,1,27,6,3,0,0,0,0,0,9,1,2
2019522000927,1,1,1,1,30,6,3,0,0,0,0,0,9,1,4
2019522000927,1,2,2,1,35,6,3,0,0,1,0,0,9,1,5
2019522000927,2,3,2,2,62,9,3,0,0,1,0,0,9,1,2
2019522000932,1,1,2,1,33,6,3,0,0,1,0,0,9,1,1
2019522000939,1,1,1,1,45,7,3,0,0,0,0,0,4,1,4
2019522000949,1,1,3,2,18,4,3,4,3,0,0,0,0,1,1
2019522000977,2,1,1,1,16,4,3,0,0,0,0,0,1,1,2
2019522000989,2,1,1,1,50,8,3,0,0,0,0,0,1,-1,-1
2019522000997,1,1,1,1,32,6,3,0,0,0,0,0,3,1,8
2019522001025,1,1,1,1,52,8,3,0,0,0,0,0,1,1,8
2019522001029,1,1,3,2,20,4,3,5,9,0,0,0,0,-1,-1
2019522001031,2,1,1,2,25,5,3,0,0,0,0,0,1,1,5
2019522001035,1,1,1,1,20,4,3,0,0,0,0,0,3,1,8
2019522001044,2,1,1,1,48,8,3,0,0,0,0,0,3,1,4
2019522001052,1,1,3,2,93,11,2,4,1,0,0,0,0,1,5
2019522001065,1,1,1,1,25,5,2,0,0,0,0,0,9,1,3
2019522001085,1,1,1,2,34,6,3,0,0,0,0,0,9,1,2
2019522001096,1,1,3,1,4,1,3,1,1,0,0,0,0,1,4
2019522001143,1,1,1,1,36,7,3,0,0,0,0,0,1,1,1
2019522001144,1,1,2,2,36,7,3,0,0,2,0,0,8,1,5
2019522001144,1,2,3,1,67,10,3,4,3,0,0,0,0,1,7
2019522001149,1,1,3,1,20,4,3,5,3,0,0,0,0,1,6
2019522001166,2,1,1,1,51,8,3,0,0,0,0,0,1,1,7
2019522001170,1,1,1,1,38,7,3,0,0,0,0,0,9,1,1
2019522001170,1,2,2,2,35,6,3,0,0,2,0,0,9,2,9
2019522001176,1,1,3,2,11,3,3,4,3,0,0,0,0,1,6
2019522001185,2,1,1,2,25,5,3,0,0,0,0,0,9,1,1
2019522001190,3,1,1,1,34,6,3,0,0,0,0,0,1,1,6
2019522001192,2,2,1,1,57,9,3,0,0,0,0,0,9,1,9
2019522001192,4,1,1,2,32,6,3,0,0,0,0,0,9,1,9
2019522001199,1,1,3,2,11,3,3,8,1,0,0,0,0,1,4
2019522001203,1,1,3,1,37,7,3,1,1,0,0,0,0,1,2
2019522001204,1,1,3,1,13,3,3,5,1,0,0,0,0,1,2
2019522001209,1,1,3,1,44,7,2,1,1,0,0,0,0,-1,-1
2019522001214,1,1,1,1,28,6,3,0,0,0,0,0,1,-1,-1
2019522001224,1,1,3,1,23,5,3,5,9,0,0,0,0,-1,-1
2019522001229,1,1,1,2,29,6,3,0,0,0,0,0,9,1,1
2019522001231,1,1,3,1,76,11,3,5,9,0,0,0,0,1,3
2019522001241,1,1,3,1,55,8,3,5,1,0,0,0,0,-1,-1
2019522001249,1,1,1,1,19,4,3,0,0,0,0,0,9,1,6
2019522001250,2,1,1,1,30,6,3,0,0,0,0,0,9,1,2
2019522001266,2,1,1,1,30,6,3,0,0,0,0,0,3,1,3
2019522001271,1,1,3,2,33,6,3,1,9,0,0,0,0,1,1
2019522001287,1,1,1,2,23,5,3,0,0,0,0,0,9,-1,-1
2019522001288,1,1,1,1,43,7,3,0,0,0,0,0,4,-1,-1
2019522001294,2,1,1,1,42,7,3,0,0,0,0,0,9,-1,-1
2019522001295,1,1,1,1,25,5,3,0,0,0,0,0,9,3,8
2019522001303,1,1,1,1,59,9,3,0,0,0,0,0,9,1,1
2019522001304,2,1,1,2,9,2,3,0,0,0,0,0,1,1,5
2019522001306,1,1,3,2,15,3,3,9,5,0,0,0,0,1,1
2019522001309,2,1,1,1,22,5,3,0,0,0,0,0,1,1,4
2019522001333,2,1,1,1,30,6,3,0,0,0,0,0,1,-1,-1
2019522001338,2,1,1,1,43,7,3,0,0,0,0,0,5,1,2
2019522001341,2,1,1,1,36,7,3,0,0,0,0,0,1,1,3
2019522001345,2,1,1,1,-1,-1,3,0,0,0,0,0,1,-1,-1
2019522001349,2,1,1,1,31,6,3,0,0,0,0,0,5,1,2
2019522001350,2,1,1,1,36,7,3,0,0,0,0,0,1,1,2
2019522001351,1,1,3,1,36,7,3,9,9,0,0,0,0,1,7
2019522001355,1,1,3,1,25,5,3,5,1,0,0,0,0,-1,-1
2019522001375,1,1,2,1,40,7,3,0,0,1,0,0,9,1,2
2019522001377,2,1,1,1,37,7,3,0,0,0,0,0,1,1,1
2019522001379,1,1,1,1,72,10,3,0,0,0,0,0,9,-1,-1
2019522001379,1,2,2,2,70,10,3,0,0,2,0,0,9,-1,-1
2019522001379,1,3,2,1,60,9,3,0,0,1,0,0,9,-1,-1
2019522001380,2,1,1,1,18,4,3,0,0,0,0,0,1,1,8
2019522001381,1,1,3,1,11,3,3,5,1,0,0,0,0,1,7
2019522001390,1,1,3,1,45,7,3,8,8,0,0,0,0,-1,-1
2019522001399,1,1,1,1,17,4,3,0,0,0,0,0,4,1,2
2019522001404,1,1,1,1,33,6,3,0,0,0,0,0,3,1,1
2019522001407,1,1,3,1,11,3,3,8,3,0,0,0,0,1,3
2019522001420,1,1,3,1,28,6,3,9,9,0,0,0,0,1,1
2019522001426,1,1,1,2,68,10,3,0,0,0,0,0,9,3,8
2019522001436,2,1,1,1,33,6,3,0,0,0,0,0,1,1,7
2019522001444,2,1,1,1,27,6,3,0,0,0,0,0,9,1,2
2019522001445,2,1,1,1,70,10,3,0,0,0,0,0,9,1,3
2019522001450,1,1,1,2,31,6,3,0,0,0,0,0,9,1,1
2019522001450,2,2,1,1,35,6,3,0,0,0,0,0,9,1,2
2019522001451,1,1,1,2,39,7,3,0,0,0,0,0,9,1,6
2019522001460,1,1,3,2,16,4,3,9,9,0,0,0,0,1,1
2019522001464,1,1,1,2,26,6,3,0,0,0,0,0,9,1,8
2019522001464,2,2,1,1,46,8,3,0,0,0,0,0,8,1,1
2019522001467,1,1,3,2,10,2,3,8,9,0,0,0,0,-1,-1
2019522001475,2,1,2,2,58,9,3,0,0,1,0,0,9,1,2
2019522001476,1,1,1,1,53,8,3,0,0,0,0,0,4,-1,-1
2019522001477,2,1,1,1,62,9,3,0,0,0,0,0,4,1,9
2019522001481,1,1,3,2,32,6,3,5,1,0,0,0,0,1,3
2019522001493,1,1,3,1,53,8,3,5,9,0,0,0,0,1,1
2019522001495,2,1,1,1,11,3,3,0,0,0,0,0,1,-1,-1
2019522001507,1,1,1,1,36,7,3,0,0,0,0,0,9,1,8
2019522001508,2,1,1,1,53,8,3,0,0,0,0,0,1,1,2
2019522001513,1,1,3,1,15,3,3,1,1,0,0,0,0,1,3
2019522001520,1,1,1,1,18,4,3,0,0,0,0,0,3,1,9
2019522001527,2,1,1,2,28,6,3,0,0,0,0,0,1,1,5
2019522001530,1,1,1,2,28,6,3,0,0,0,0,0,9,1,3
2019522001530,1,2,2,2,9,2,3,0,0,1,0,0,9,1,3
2019522001541,1,1,1,1,19,4,3,0,0,0,0,0,9,1,4
2019522001547,2,1,1,1,36,7,3,0,0,0,0,0,4,-1,-1
2019522001560,1,1,3,1,18,4,3,5,9,0,0,0,0,1,3
2019522001562,2,1,1,1,38,7,3,0,0,0,0,0,4,1,5
2019522001570,2,1,1,1,54,8,3,0,0,0,0,0,9,-1,-1
2019522001570,2,3,2,2,42,7,3,0,0,1,0,0,9,-1,-1
2019522001570,3,2,1,1,49,8,3,0,0,0,0,0,9,1,2
2019522001589,1,1,1,1,34,6,3,0,0,0,0,0,9,1,1
2019522001641,1,1,3,1,19,4,3,5,3,0,0,0,0,-1,-1
2019522001643,1,1,1,1,34,6,3,0,0,0,0,0,9,1,10
2019522001687,1,1,1,1,55,8,3,0,0,0,0,0,9,1,3
2019522001694,2,1,1,2,30,6,3,0,0,0,0,0,1,1,1
2019522001696,2,1,1,2,23,5,3,0,0,0,0,0,9,1,2
2019522001701,1,1,3,1,60,9,3,5,9,0,0,0,0,1,4
2019522001723,1,1,3,1,35,6,3,8,5,0,0,0,0,1,1
2019522002003,1,1,1,2,31,6,3,0,0,0,0,0,9,1,2
2019522002195,1,1,3,2,22,5,3,1,9,0,0,0,0,-1,-1
2019522002270,2,1,3,1,25,5,2,6,9,0,0,0,0,1,3
2019522002271,2,1,1,1,26,6,3,0,0,0,0,0,4,1,6
2019522007351,1,1,3,1,44,7,3,1,1,0,0,0,0,1,10
2019522007422,1,1,1,2,23,5,3,0,0,0,0,0,9,1,2
2019522007441,1,1,1,2,18,4,3,0,0,0,0,0,9,1,3
2019522007517,1,1,3,2,7,2,3,5,9,0,0,0,0,1,5
2019522007518,1,1,3,2,39,7,3,5,9,0,0,0,0,1,4
2019522007523,1,1,1,1,20,4,3,0,0,0,0,0,9,1,3
2019522007523,1,2,2,2,19,4,3,0,0,1,0,0,9,1,1
2019522007536,2,1,1,2,30,6,3,0,0,0,0,0,1,-1,-1
2019522007562,1,1,2,2,30,6,3,0,0,1,0,0,9,1,9
